Model,Early_Median_Income,Recent_Median_Income,Recent_to_Early_Ratio,Status
A1V12 Tactical Sleeve,2853.6125355834693,8128.3408161450025,2.84843885243272,PASS
MWM Aggressive,3302.816313358526,4515.18215885427,1.3670703213473379,PASS
MWM Balanced,3443.1525978489717,1190.5406379497686,0.34577051237680567,FAIL
MWM Conservative,3091.2286503606424,394.029436127778,0.12746693327968736,FAIL
MWM Growth,3499.4570893447976,3330.7838214524004,0.9518001611147122,PASS
MWM Growth Plus,3314.8671193866357,3903.7505945878665,1.1776491949729178,PASS
MWM Moderate,3729.9118107080362,2882.443350715081,0.7727912875687849,PASS
MWM Ultra Aggressive,4075.0902059256214,5475.394423319913,1.3436253301480536,PASS
Tactical Aggressive,3271.0539336286683,5861.076715308577,1.7918006961159234,PASS
Tactical Balanced,3353.2484338790287,1462.8714178200212,0.4362550066497088,PASS
Tactical Conservative,3044.452617402193,453.26193626021126,0.1488812582167812,FAIL
Tactical Growth,3252.1215070536714,4302.904579875096,1.323106953581634,PASS
Tactical Growth Plus,3125.768615002941,5062.208430974554,1.6195083688143666,PASS
Tactical Moderate,3587.324228495247,3701.2068619282404,1.0317458434697337,PASS
Tactical Ultra Aggressive,3978.169594917388,7366.713106164734,1.8517845784092857,PASS
VOO Benchmark,3225.6596906278437,7626.251137397634,2.364245416078984,PASS
