Date,Type,From,To,Days_Held,Entry_Price,Exit_Price,Return
2011-05-10,Base regime,MGV,MGK,,,,
2011-06-14,Base regime,MGK,MGV,,,,
2011-06-27,Base regime,MGV,MGK,,,,
2011-07-08,SPHB sleeve,OFF,ON,,19.925144172530672,,
2011-08-08,SPHB sleeve,ON,OFF,21.0,19.925144172530672,15.57783330429303,-0.2181821536945745
2011-09-16,SMH sleeve,OFF,ON,,13.094164065193837,,
2011-10-06,SMH sleeve,ON,OFF,14.0,13.094164065193837,11.888345904607162,-0.09208821231986186
2011-11-03,SPHB sleeve,OFF,ON,,16.58868497623611,,
2011-11-28,SPHB sleeve,ON,OFF,16.0,16.58868497623611,15.219674617381767,-0.0825267560879901
2011-12-07,SPHB sleeve,OFF,ON,,16.402764629309075,,
2011-12-19,SPHB sleeve,ON,OFF,8.0,16.402764629309075,15.305479543912456,-0.06689635010892914
2012-01-18,SPHB sleeve,OFF,ON,,16.9656132859426,,
2012-01-25,SMH sleeve,OFF,ON,,14.350931306118737,,
2012-04-04,SPHB sleeve,ON,OFF,54.0,16.9656132859426,18.38093255086453,0.0834228177353682
2012-06-13,Base regime,MGK,MGV,,,,
2012-07-16,SMH sleeve,ON,OFF,119.0,14.350931306118737,12.826677478157945,-0.10621288580141852
2012-07-31,Base regime,MGV,MGK,,,,
2012-08-13,SPHB sleeve,OFF,ON,,17.00459301679653,,
2012-10-09,Base regime,MGK,MGV,,,,
2012-11-06,SMH sleeve,OFF,ON,,13.578189925929035,,
2013-02-28,SPHB sleeve,ON,OFF,135.0,17.00459301679653,19.90151078579868,0.17036089991337522
2013-03-18,SPHB sleeve,OFF,ON,,20.611534201549738,,
2013-03-26,SPHB sleeve,ON,OFF,6.0,20.611534201549738,20.41466454852605,-0.009551431305335978
2013-05-07,Base regime,MGV,MGK,,,,
2013-05-10,SPHB sleeve,OFF,ON,,21.52740724933323,,
2013-05-16,Base regime,MGK,MGV,,,,
2013-07-25,SMH sleeve,ON,OFF,179.0,13.578189925929035,16.514751800359974,0.21627049632169704
2013-08-20,Base regime,MGV,MGK,,,,
2013-09-11,SMH sleeve,OFF,ON,,17.087370967926006,,
2014-04-01,SPHB sleeve,ON,OFF,224.0,21.52740724933323,27.01778083529279,0.2550410981856448
2014-06-09,SPHB sleeve,OFF,ON,,28.375152835729594,,
2014-06-20,Base regime,MGK,MGV,,,,
2014-06-27,Base regime,MGV,MGK,,,,
2014-10-08,SPHB sleeve,ON,OFF,85.0,28.375152835729594,27.933877713040822,-0.01555146240950378
2014-10-15,Base regime,MGK,MGV,,,,
2014-10-17,Base regime,MGV,MGK,,,,
2014-10-30,SPHB sleeve,OFF,ON,,28.71439968432238,,
2014-12-08,SPHB sleeve,ON,OFF,26.0,28.71439968432238,30.00658181178353,0.04500118900854688
2015-02-06,SPHB sleeve,OFF,ON,,29.461532587150735,,
2015-05-04,Base regime,MGK,MGV,,,,
2015-05-21,SPHB sleeve,ON,OFF,72.0,29.461532587150735,30.75568064418661,0.04392670521153752
2015-05-26,Base regime,MGV,MGK,,,,
2015-06-12,Base regime,MGK,MGV,,,,
2015-06-22,Base regime,MGV,MGK,,,,
2015-07-06,SMH sleeve,ON,OFF,456.0,17.087370967926006,24.328388121980502,0.4237642623693434
2015-09-01,SMH sleeve,OFF,ON,,21.64901278200707,,
2015-10-08,Base regime,MGK,MGV,,,,
2015-10-13,Base regime,MGV,MGK,,,,
2015-12-17,Base regime,MGK,MGV,,,,
2016-02-16,SMH sleeve,ON,OFF,114.0,21.64901278200707,22.141407349416266,0.022744435155880982
2016-03-09,SPHB sleeve,OFF,ON,,24.623376470002118,,
2016-03-31,Base regime,MGV,MGK,,,,
2016-04-21,Base regime,MGK,MGV,,,,
2016-05-26,SMH sleeve,OFF,ON,,25.603134037179945,,
2016-06-17,SPHB sleeve,ON,OFF,70.0,24.623376470002118,26.255540461557505,0.06628514142013797
2016-08-10,SPHB sleeve,OFF,ON,,27.99408359122614,,
2016-09-08,Base regime,MGV,MGK,,,,
2016-09-12,Base regime,MGK,MGV,,,,
2016-11-16,SMH sleeve,ON,OFF,121.0,25.603134037179945,31.346872061661188,0.22433730246228434
2017-01-20,Base regime,MGV,MGK,,,,
2017-03-01,SPHB sleeve,ON,OFF,139.0,27.99408359122614,34.33069895607659,0.22635552059423225
2017-04-05,SPHB sleeve,OFF,ON,,33.71991288937514,,
2017-05-05,SPHB sleeve,ON,OFF,21.0,33.71991288937514,33.049273589461556,-0.019888524092981696
2017-05-17,SMH sleeve,OFF,ON,,38.376587054306,,
2017-06-16,SMH sleeve,ON,OFF,21.0,38.376587054306,38.826563231699126,0.011725278664211913
2017-07-17,SMH sleeve,OFF,ON,,39.951513039068594,,
2017-07-17,SPHB sleeve,OFF,ON,,34.384338840715515,,
2017-08-09,SPHB sleeve,ON,OFF,17.0,34.384338840715515,33.907421351866915,-0.013870195121619355
2017-09-25,SPHB sleeve,OFF,ON,,34.96750067147649,,
2017-09-26,Base regime,MGK,MGV,,,,
2017-10-02,Base regime,MGV,MGK,,,,
2017-10-04,Base regime,MGK,MGV,,,,
2017-10-09,Base regime,MGV,MGK,,,,
2017-12-05,SMH sleeve,ON,OFF,99.0,39.951513039068594,44.483418728238895,0.11343514536579757
2017-12-21,Base regime,MGK,MGV,,,,
2018-01-04,Base regime,MGV,MGK,,,,
2018-03-07,SMH sleeve,OFF,ON,,50.42712953429754,,
2018-04-05,SMH sleeve,ON,OFF,20.0,50.42712953429754,48.54565188153323,-0.037310821974997466
2018-04-25,Base regime,MGK,MGV,,,,
2018-05-01,SPHB sleeve,ON,OFF,150.0,34.96750067147649,37.9774869618418,0.08607953764395271
2018-05-02,Base regime,MGV,MGK,,,,
2018-05-08,SMH sleeve,OFF,ON,,47.097292924985695,,
2018-05-11,SPHB sleeve,OFF,ON,,39.78594042072605,,
2018-06-29,SMH sleeve,ON,OFF,37.0,47.097292924985695,47.99146734659195,0.018985686141886227
2018-07-02,SPHB sleeve,ON,OFF,35.0,39.78594042072605,38.98193964976877,-0.02020816304591977
2018-08-21,Base regime,MGK,MGV,,,,
2018-08-24,Base regime,MGV,MGK,,,,
2018-09-19,Base regime,MGK,MGV,,,,
2019-01-16,SPHB sleeve,OFF,ON,,35.076971605834736,,
2019-01-31,SMH sleeve,OFF,ON,,45.69485567911901,,
2019-02-01,Base regime,MGV,MGK,,,,
2019-05-16,SMH sleeve,ON,OFF,73.0,45.69485567911901,51.010972319778354,0.1163394995268281
2019-05-17,SPHB sleeve,ON,OFF,84.0,35.076971605834736,38.32663101685239,0.09264367082582181
2019-06-05,Base regime,MGK,MGV,,,,
2019-06-11,Base regime,MGV,MGK,,,,
2019-07-03,SMH sleeve,OFF,ON,,53.07571028752166,,
2019-07-05,SPHB sleeve,OFF,ON,,40.02179076243169,,
2019-08-07,SMH sleeve,ON,OFF,24.0,53.07571028752166,51.57106500410177,-0.028349037163495794
2019-08-08,SPHB sleeve,ON,OFF,24.0,40.02179076243169,37.62882364425061,-0.05979160533784389
2019-09-16,SPHB sleeve,OFF,ON,,39.78990340349025,,
2019-09-27,SPHB sleeve,ON,OFF,9.0,39.78990340349025,38.759274811181264,-0.025901761606653806
2019-10-01,Base regime,MGK,MGV,,,,
2019-11-01,Base regime,MGV,MGK,,,,
2019-11-06,Base regime,MGK,MGV,,,,
2019-11-08,SPHB sleeve,OFF,ON,,40.54601254721201,,
2019-11-18,Base regime,MGV,MGK,,,,
2019-12-18,SMH sleeve,OFF,ON,,67.49566788872548,,
2020-02-28,SMH sleeve,ON,OFF,48.0,67.49566788872548,60.02947220476754,-0.11061740579064772
2020-03-02,SPHB sleeve,ON,OFF,76.0,40.54601254721201,38.384915640707455,-0.0532998628160577
2020-03-06,SMH sleeve,OFF,ON,,62.87676417960646,,
2020-05-11,SPHB sleeve,OFF,ON,,33.074968264478414,,
2020-09-28,SPHB sleeve,ON,OFF,97.0,33.074968264478414,39.65225077950329,0.1988598284488361
2020-10-09,SPHB sleeve,OFF,ON,,43.052113249214855,,
2020-11-12,Base regime,MGK,MGV,,,,
2020-12-21,Base regime,MGV,MGK,,,,
2021-01-08,Base regime,MGK,MGV,,,,
2021-03-01,SMH sleeve,ON,OFF,247.0,62.87676417960646,118.70716700969824,0.8879337790127548
2021-04-08,SMH sleeve,OFF,ON,,124.39777841292863,,
2021-04-27,Base regime,MGV,MGK,,,,
2021-05-07,SMH sleeve,ON,OFF,21.0,124.39777841292863,118.16382184960948,-0.05011308596385078
2021-05-26,SMH sleeve,OFF,ON,,118.85755284238421,,
2021-07-13,SPHB sleeve,ON,OFF,189.0,43.052113249214855,72.10940616506915,0.6749330223966232
2021-08-18,SMH sleeve,ON,OFF,58.0,118.85755284238421,124.26678187745398,0.04551018345668689
2021-08-31,SMH sleeve,OFF,ON,,132.72750606462677,,
2021-09-16,SPHB sleeve,OFF,ON,,71.80089332118044,,
2021-10-05,SMH sleeve,ON,OFF,24.0,132.72750606462677,122.16130450577491,-0.07960822795620859
2021-11-05,SMH sleeve,OFF,ON,,143.92921549209504,,
2021-12-16,SPHB sleeve,ON,OFF,64.0,71.80089332118044,74.69336166048718,0.04028457315103484
2021-12-20,Base regime,MGK,MGV,,,,
2021-12-21,SMH sleeve,ON,OFF,31.0,143.92921549209504,145.20238653152785,0.008845813791729773
2022-07-18,SMH sleeve,OFF,ON,,106.28147712747013,,
2022-07-26,SPHB sleeve,OFF,ON,,61.73784729013643,,
2022-09-06,SPHB sleeve,ON,OFF,29.0,61.73784729013643,62.01912537368666,0.0045560073098818155
2022-09-07,SMH sleeve,ON,OFF,36.0,106.28147712747013,100.45307842413422,-0.05483927078229767
2022-11-14,SMH sleeve,OFF,ON,,107.22766680792166,,
2022-11-17,SPHB sleeve,OFF,ON,,63.18507001813983,,
2022-12-13,SPHB sleeve,ON,OFF,17.0,63.18507001813983,67.1954417001361,0.06347024195502082
2022-12-27,SMH sleeve,ON,OFF,29.0,107.22766680792166,99.67633592492253,-0.07042334415917062
2023-01-17,SMH sleeve,OFF,ON,,111.10061236626335,,
2023-01-17,SPHB sleeve,OFF,ON,,66.66205450825476,,
2023-01-30,Base regime,MGV,MGK,,,,
2023-04-12,SPHB sleeve,ON,OFF,59.0,66.66205450825476,67.32292758202405,0.00991378196553283
2023-04-13,SMH sleeve,ON,OFF,60.0,111.10061236626335,123.81234549985155,0.11441640926047869
2023-05-23,SMH sleeve,OFF,ON,,130.6294146843015,,
2023-05-24,SPHB sleeve,OFF,ON,,65.61744563791865,,
2023-07-27,SMH sleeve,ON,OFF,44.0,130.6294146843015,156.5165599923958,0.19817240527837487
2023-08-16,SPHB sleeve,ON,OFF,57.0,65.61744563791865,72.67575075073856,0.10756750806436588
2023-10-04,SMH sleeve,OFF,ON,,141.9155817125841,,
2023-11-21,SPHB sleeve,OFF,ON,,70.5107798685808,,
2024-01-09,SMH sleeve,ON,OFF,66.0,141.9155817125841,169.25087102445704,0.19261654697814645
2024-01-17,SMH sleeve,OFF,ON,,173.1712441118441,,
2024-03-21,SPHB sleeve,ON,OFF,82.0,70.5107798685808,85.20750550018415,0.20843232281638868
2024-04-25,SMH sleeve,ON,OFF,69.0,173.1712441118441,205.53663585647263,0.1868981880370686
2024-05-31,SMH sleeve,OFF,ON,,241.5444997555296,,
2024-07-10,SPHB sleeve,OFF,ON,,84.81471218143466,,
2024-07-22,SMH sleeve,ON,OFF,34.0,241.5444997555296,251.1022683446203,0.039569390314265984
2024-07-26,Base regime,MGK,MGV,,,,
2024-07-31,SPHB sleeve,ON,OFF,15.0,84.81471218143466,85.43582483297618,0.007323171128764239
2024-08-16,SMH sleeve,OFF,ON,,242.37821873252818,,
2024-08-19,Base regime,MGV,MGK,,,,
2024-08-28,Base regime,MGK,MGV,,,,
2024-09-03,SMH sleeve,ON,OFF,11.0,242.37821873252818,237.07824986588486,-0.02186652288459967
2024-09-18,SMH sleeve,OFF,ON,,233.12811669235506,,
2024-09-26,Base regime,MGV,MGK,,,,
2024-09-26,SPHB sleeve,OFF,ON,,89.03932838582645,,
2024-10-03,Base regime,MGK,MGV,,,,
2024-10-10,Base regime,MGV,MGK,,,,
2024-10-17,Base regime,MGK,MGV,,,,
2024-10-22,Base regime,MGV,MGK,,,,
2024-10-22,SMH sleeve,ON,OFF,24.0,233.12811669235506,249.44479323466507,0.06999017009965436
2025-02-03,SPHB sleeve,ON,OFF,87.0,89.03932838582645,88.03597948464932,-0.011268603653763032
2025-02-26,Base regime,MGK,MGV,,,,
2025-04-16,SMH sleeve,OFF,ON,,192.56083546553202,,
2025-04-29,Base regime,MGV,MGK,,,,
2025-05-01,SPHB sleeve,OFF,ON,,79.49027166076617,,
2025-11-13,SMH sleeve,ON,OFF,146.0,192.56083546553202,350.5392700907441,0.8204079206619868
2025-11-20,SPHB sleeve,ON,OFF,141.0,79.49027166076617,109.55164797720208,0.37817679683781025
2025-12-05,SMH sleeve,OFF,ON,,363.32946583512023,,
2025-12-08,SPHB sleeve,OFF,ON,,117.35616481261492,,
2025-12-16,Base regime,MGK,MGV,,,,
2025-12-19,SMH sleeve,ON,OFF,10.0,363.32946583512023,349.2233502128212,-0.038824584705443255
2026-01-09,SMH sleeve,OFF,ON,,382.2799987792969,,
2026-02-06,SPHB sleeve,ON,OFF,41.0,117.35616481261492,119.21802225236864,0.015865016062228898
2026-02-10,SMH sleeve,ON,OFF,21.0,382.2799987792969,408.17999267578125,0.06775137066859016
2026-04-10,SMH sleeve,OFF,ON,,434.45001220703125,,
2026-04-15,SPHB sleeve,OFF,ON,,127.14305645043733,,
2026-06-12,SMH sleeve,ON,OFF,44.0,434.45001220703125,607.9500122070312,0.399355495741869
2026-07-23,SPHB sleeve,ON,OFF,68.0,127.14305645043733,142.7852788482173,0.12302852263015707
2026-08-11,SMH sleeve,OFF,ON,,578.5700073242188,,
2026-08-26,SMH sleeve,ON,OFF,11.0,578.5700073242188,554.469970703125,-0.04165448660664606
2026-09-10,Base regime,MGV,MGK,,,,
2026-09-14,SMH sleeve,OFF,ON,,539.989990234375,,
2026-09-25,SPHB sleeve,OFF,ON,,152.6699981689453,,
