Model,Lifetime_Dividend_Income,Current_Year_Income,Prior_Full_Year_Income,TTM_Dividend_Income,Through_Date
A1V12 Tactical Sleeve,92391.45999958525,11840.735354367276,13049.547479041823,18175.955252545442,2026-10-02
MWM Aggressive,57514.61673904034,3007.1095775304602,5028.684902640276,4636.730038510183,2026-10-02
MWM Balanced,25586.329377894635,873.3630302719234,1285.7370225634531,1246.0449492007333,2026-10-02
MWM Conservative,16314.29449664642,281.08461616615807,412.61920993830955,396.0247325330624,2026-10-02
MWM Growth,46026.965809372035,2303.375298497442,3678.8471809258044,3443.1335319636883,2026-10-02
MWM Growth Plus,51568.04865522766,2657.172953366957,4330.782143080403,4027.102130547981,2026-10-02
MWM Moderate,43032.64203247531,2143.6587478188812,3206.7413634065397,3129.8044682320315,2026-10-02
MWM Ultra Aggressive,70395.93505833406,3310.9047592021893,6218.587586385689,5484.874979723269,2026-10-02
Tactical Aggressive,65113.52556017971,4632.751703360278,7270.3873426788905,7483.10484734917,2026-10-02
Tactical Balanced,27081.711392040736,1136.302754548153,1632.8892258134986,1648.9584069645343,2026-10-02
Tactical Conservative,16625.202144497063,332.5461890927151,481.76384533717913,472.4868058053159,2026-10-02
Tactical Growth,51409.172052569644,3374.0327948163476,5135.412559111357,5228.472469553033,2026-10-02
Tactical Growth Plus,58032.96851683811,3988.3524918445673,6152.140861897788,6297.136268833525,2026-10-02
Tactical Moderate,47578.05994718516,3052.6785303017145,4391.297084036007,4591.48991955327,2026-10-02
Tactical Ultra Aggressive,81967.20964665854,5690.166067694638,9472.348770262306,9726.235884410551,2026-10-02
VOO Benchmark,86441.08280254777,6434.258416742494,8039.126478616925,8448.589626933575,2026-10-02
