Model,Year,Dividend_Income,Cumulative_Income,Is_Partial_Year,Period,Annualized_Run_Rate
A1V12 Tactical Sleeve,2011,2171.102649032236,2171.102649032236,NO,2011,2171.102649032236
A1V12 Tactical Sleeve,2012,2853.6125355834693,5024.715184615705,NO,2012,2853.6125355834693
A1V12 Tactical Sleeve,2013,3104.9400587020523,8129.655243317758,NO,2013,3104.9400587020523
A1V12 Tactical Sleeve,2014,2012.7472598925615,10142.40250321032,NO,2014,2012.7472598925615
A1V12 Tactical Sleeve,2015,3120.5236627327454,13262.926165943065,NO,2015,3120.5236627327454
A1V12 Tactical Sleeve,2016,5917.1827875759445,19180.10895351901,NO,2016,5917.1827875759445
A1V12 Tactical Sleeve,2017,4957.554481397408,24137.663434916416,NO,2017,4957.554481397408
A1V12 Tactical Sleeve,2018,5267.6319050389675,29405.295339955384,NO,2018,5267.6319050389675
A1V12 Tactical Sleeve,2019,2597.8312958066217,32003.126635762008,NO,2019,2597.8312958066217
A1V12 Tactical Sleeve,2020,2729.699853896301,34732.826489658306,NO,2020,2729.699853896301
A1V12 Tactical Sleeve,2021,7276.494518693552,42009.321008351864,NO,2021,7276.494518693552
A1V12 Tactical Sleeve,2022,13716.162247955332,55725.48325630719,NO,2022,13716.162247955332
A1V12 Tactical Sleeve,2023,3647.3530937239516,59372.836350031146,NO,2023,3647.3530937239516
A1V12 Tactical Sleeve,2024,8128.3408161450025,67501.17716617614,NO,2024,8128.3408161450025
A1V12 Tactical Sleeve,2025,13049.547479041823,80550.72464521797,NO,2025,13049.547479041823
A1V12 Tactical Sleeve,2026,11840.735354367276,92391.45999958525,YES,2026 YTD through 2026-09-30,14208.88242524073
MWM Aggressive,2011,3129.9038305686445,3129.9038305686445,NO,2011,3129.9038305686445
MWM Aggressive,2012,3630.994030334721,6760.897860903366,NO,2012,3630.994030334721
MWM Aggressive,2013,3302.558903670034,10063.456764573399,NO,2013,3302.558903670034
MWM Aggressive,2014,3067.0517093337335,13130.508473907134,NO,2014,3067.0517093337335
MWM Aggressive,2015,3353.4054492354935,16483.913923142627,NO,2015,3353.4054492354935
MWM Aggressive,2016,3340.396293404113,19824.31021654674,NO,2016,3340.396293404113
MWM Aggressive,2017,3423.052373009539,23247.36258955628,NO,2017,3423.052373009539
MWM Aggressive,2018,3529.100275062743,26776.46286461902,NO,2018,3529.100275062743
MWM Aggressive,2019,3441.0633337663835,30217.526198385407,NO,2019,3441.0633337663835
MWM Aggressive,2020,3181.8279375346665,33399.354135920075,NO,2020,3181.8279375346665
MWM Aggressive,2021,3481.6805920032925,36881.03472792336,NO,2021,3481.6805920032925
MWM Aggressive,2022,3878.7604723497225,40759.79520027309,NO,2022,3878.7604723497225
MWM Aggressive,2023,4186.899516065993,44946.69471633908,NO,2023,4186.899516065993
MWM Aggressive,2024,4511.974353160006,49458.66906949908,NO,2024,4511.974353160006
MWM Aggressive,2025,5025.060358566812,54483.7294280659,NO,2025,5025.060358566812
MWM Aggressive,2026,2924.6261657559376,57408.355593821834,YES,2026 YTD through 2026-09-30,3509.551398907125
MWM Balanced,2011,4672.577092622917,4672.577092622917,NO,2011,4672.577092622917
MWM Balanced,2012,3442.155687575959,8114.732780198876,NO,2012,3442.155687575959
MWM Balanced,2013,2240.6326941745046,10355.36547437338,NO,2013,2240.6326941745046
MWM Balanced,2014,1779.0598258657358,12134.425300239116,NO,2014,1779.0598258657358
MWM Balanced,2015,1826.2231113609807,13960.648411600097,NO,2015,1826.2231113609807
MWM Balanced,2016,1323.6066714671551,15284.255083067252,NO,2016,1323.6066714671551
MWM Balanced,2017,1110.7175720454659,16394.972655112717,NO,2017,1110.7175720454659
MWM Balanced,2018,937.0731229089503,17332.045778021668,NO,2018,937.0731229089503
MWM Balanced,2019,957.9400354624597,18289.985813484127,NO,2019,957.9400354624597
MWM Balanced,2020,999.3888918872618,19289.37470537139,NO,2020,999.3888918872618
MWM Balanced,2021,860.1876940321472,20149.562399403538,NO,2021,860.1876940321472
MWM Balanced,2022,976.527247812012,21126.089647215547,NO,2022,976.527247812012
MWM Balanced,2023,1089.909509181351,22215.9991563969,NO,2023,1089.909509181351
MWM Balanced,2024,1188.0630221755628,23404.06217857246,NO,2024,1188.0630221755628
MWM Balanced,2025,1283.079654384471,24687.141832956935,NO,2025,1283.079654384471
MWM Balanced,2026,814.7357743331381,25501.877607290073,YES,2026 YTD through 2026-09-30,977.6829291997657
MWM Conservative,2011,5383.2108119121085,5383.2108119121085,NO,2011,5383.2108119121085
MWM Conservative,2012,3090.047968538717,8473.258780450826,NO,2012,3090.047968538717
MWM Conservative,2013,1602.869888636698,10076.128669087524,NO,2013,1602.869888636698
MWM Conservative,2014,1077.3827916359403,11153.511460723465,NO,2014,1077.3827916359403
MWM Conservative,2015,971.562269413433,12125.073730136897,NO,2015,971.562269413433
MWM Conservative,2016,613.4838521611667,12738.557582298065,NO,2016,613.4838521611667
MWM Conservative,2017,456.76447653738563,13195.322058835449,NO,2017,456.76447653738563
MWM Conservative,2018,341.05533977249917,13536.377398607949,NO,2018,341.05533977249917
MWM Conservative,2019,340.07899208976625,13876.456390697715,NO,2019,340.07899208976625
MWM Conservative,2020,359.57747526479494,14236.03386596251,NO,2020,359.57747526479494
MWM Conservative,2021,289.8013121890238,14525.835178151534,NO,2021,289.8013121890238
MWM Conservative,2022,322.2654809967116,14848.100659148246,NO,2022,322.2654809967116
MWM Conservative,2023,365.62691384013533,15213.72757298838,NO,2023,365.62691384013533
MWM Conservative,2024,393.0880252585461,15606.815598246927,NO,2024,393.0880252585461
MWM Conservative,2025,411.6404691328747,16018.4560673798,NO,2025,411.6404691328747
MWM Conservative,2026,259.88190474800524,16278.337972127807,YES,2026 YTD through 2026-09-30,311.85828569760633
MWM Growth,2011,3498.7102261550062,3498.7102261550062,NO,2011,3498.7102261550062
MWM Growth,2012,3564.0485685357894,7062.758794690795,NO,2012,3564.0485685357894
MWM Growth,2013,2967.52750790183,10030.286302592625,NO,2013,2967.52750790183
MWM Growth,2014,2663.5927504568363,12693.879053049463,NO,2014,2663.5927504568363
MWM Growth,2015,2890.198356226306,15584.077409275767,NO,2015,2890.198356226306
MWM Growth,2016,2639.829065425052,18223.90647470082,NO,2016,2639.829065425052
MWM Growth,2017,2574.5726804122437,20798.479155113062,NO,2017,2574.5726804122437
MWM Growth,2018,2536.6933015957943,23335.172456708857,NO,2018,2536.6933015957943
MWM Growth,2019,2535.804779585327,25870.977236294184,NO,2019,2535.804779585327
MWM Growth,2020,2462.5201200057604,28333.497356299944,NO,2020,2462.5201200057604
MWM Growth,2021,2489.9669573889546,30823.4643136889,NO,2021,2489.9669573889546
MWM Growth,2022,2811.196785035786,33634.66109872468,NO,2022,2811.196785035786
MWM Growth,2023,3056.1618870658353,36690.822985790524,NO,2023,3056.1618870658353
MWM Growth,2024,3326.781713107285,40017.604698897805,NO,2024,3326.781713107285
MWM Growth,2025,3674.3872652826844,43691.99196418049,NO,2025,3674.3872652826844
MWM Growth,2026,2202.724810224966,45894.71677440546,YES,2026 YTD through 2026-09-30,2643.2697722699595
MWM Growth Plus,2011,3314.307028361826,3314.307028361826,NO,2011,3314.307028361826
MWM Growth Plus,2012,3599.5648827098294,6913.871911071656,NO,2012,3599.5648827098294
MWM Growth Plus,2013,3133.4817796525267,10047.353690724181,NO,2013,3133.4817796525267
MWM Growth Plus,2014,2863.7150117449196,12911.068702469101,NO,2014,2863.7150117449196
MWM Growth Plus,2015,3124.3213068085815,16035.390009277682,NO,2015,3124.3213068085815
MWM Growth Plus,2016,2977.5512756255193,19012.9412849032,NO,2016,2977.5512756255193
MWM Growth Plus,2017,2977.1511935810972,21990.0924784843,NO,2017,2977.1511935810972
MWM Growth Plus,2018,3001.7040714804907,24991.79654996479,NO,2018,3001.7040714804907
MWM Growth Plus,2019,2967.978152144342,27959.77470210913,NO,2019,2967.978152144342
MWM Growth Plus,2020,2819.3054060957006,30779.080108204835,NO,2020,2819.3054060957006
MWM Growth Plus,2021,2957.859989213763,33736.9400974186,NO,2021,2957.859989213763
MWM Growth Plus,2022,3321.0695975340977,37058.00969495269,NO,2022,3321.0695975340977
MWM Growth Plus,2023,3597.3076286454384,40655.31732359813,NO,2023,3597.3076286454384
MWM Growth Plus,2024,3899.938393917553,44555.25571751568,NO,2024,3899.938393917553
MWM Growth Plus,2025,4326.504280269196,48881.75999778488,NO,2025,4326.504280269196
MWM Growth Plus,2026,2560.2275724358356,51441.987570220714,YES,2026 YTD through 2026-09-30,3072.2730869230027
MWM Moderate,2011,3961.943373333725,3961.943373333725,NO,2011,3961.943373333725
MWM Moderate,2012,3729.2215405247975,7691.164913858523,NO,2012,3729.2215405247975
MWM Moderate,2013,2969.746729252023,10660.911643110547,NO,2013,2969.746729252023
MWM Moderate,2014,2651.601259492717,13312.512902603263,NO,2014,2651.601259492717
MWM Moderate,2015,2958.1646598763473,16270.67756247961,NO,2015,2958.1646598763473
MWM Moderate,2016,2465.852795284416,18736.530357764026,NO,2016,2465.852795284416
MWM Moderate,2017,2311.949152039069,21048.479509803095,NO,2017,2311.949152039069
MWM Moderate,2018,2168.178647314942,23216.658157118036,NO,2018,2168.178647314942
MWM Moderate,2019,2213.000036476094,25429.658193594132,NO,2019,2213.000036476094
MWM Moderate,2020,2223.935539801901,27653.593733396032,NO,2020,2223.935539801901
MWM Moderate,2021,2092.2986759570076,29745.89240935304,NO,2021,2092.2986759570076
MWM Moderate,2022,2394.351684958172,32140.244094311212,NO,2022,2394.351684958172
MWM Moderate,2023,2630.784433653738,34771.02852796495,NO,2023,2630.784433653738
MWM Moderate,2024,2877.8322521303826,37648.86078009533,NO,2024,2877.8322521303826
MWM Moderate,2025,3201.644019298676,40850.50479939401,NO,2025,3201.644019298676
MWM Moderate,2026,2029.1667951175773,42879.67159451159,YES,2026 YTD through 2026-09-30,2435.000154141093
MWM Ultra Aggressive,2011,2783.957724818624,2783.957724818624,NO,2011,2783.957724818624
MWM Ultra Aggressive,2012,4180.731932504266,6964.68965732289,NO,2012,4180.731932504266
MWM Ultra Aggressive,2013,4075.090976214451,11039.78063353734,NO,2013,4075.090976214451
MWM Ultra Aggressive,2014,3991.151722605701,15030.932356143041,NO,2014,3991.151722605701
MWM Ultra Aggressive,2015,4049.3122842738985,19080.24464041694,NO,2015,4049.3122842738985
MWM Ultra Aggressive,2016,4389.34478529562,23469.589425712562,NO,2016,4389.34478529562
MWM Ultra Aggressive,2017,4802.179898908278,28271.769324620836,NO,2017,4802.179898908278
MWM Ultra Aggressive,2018,5144.461983005349,33416.231307626185,NO,2018,5144.461983005349
MWM Ultra Aggressive,2019,4175.54121049901,37591.772518125195,NO,2019,4175.54121049901
MWM Ultra Aggressive,2020,3434.385304064272,41026.15782218947,NO,2020,3434.385304064272
MWM Ultra Aggressive,2021,4302.062444254134,45328.220266443604,NO,2021,4302.062444254134
MWM Ultra Aggressive,2022,4872.789146166669,50201.00941261027,NO,2022,4872.789146166669
MWM Ultra Aggressive,2023,5190.046838978986,55391.05625158926,NO,2023,5190.046838978986
MWM Ultra Aggressive,2024,5475.395506502552,60866.45175809181,NO,2024,5475.395506502552
MWM Ultra Aggressive,2025,6218.588588810289,67085.0403469021,NO,2025,6218.588588810289
MWM Ultra Aggressive,2026,3310.9052900930187,70395.94563699512,YES,2026 YTD through 2026-09-30,3973.086348111622
Tactical Aggressive,2011,2851.6511143214198,2851.6511143214198,NO,2011,2851.6511143214198
Tactical Aggressive,2012,3450.38156440238,6302.032678723799,NO,2012,3450.38156440238
Tactical Aggressive,2013,3270.7545441010843,9572.787222824883,NO,2013,3270.7545441010843
Tactical Aggressive,2014,2634.888379168778,12207.675601993662,NO,2014,2634.888379168778
Tactical Aggressive,2015,3005.6367362342157,15213.312338227877,NO,2015,3005.6367362342157
Tactical Aggressive,2016,3945.157982056901,19158.470320284778,NO,2016,3945.157982056901
Tactical Aggressive,2017,3679.842634200871,22838.31295448565,NO,2017,3679.842634200871
Tactical Aggressive,2018,3835.641269161416,26673.954223647066,NO,2018,3835.641269161416
Tactical Aggressive,2019,2970.830446063405,29644.78466971047,NO,2019,2970.830446063405
Tactical Aggressive,2020,2815.421971461019,32460.20664117149,NO,2020,2815.421971461019
Tactical Aggressive,2021,4348.380584354073,36808.58722552556,NO,2021,4348.380584354073
Tactical Aggressive,2022,5920.379315433122,42728.96654095869,NO,2022,5920.379315433122
Tactical Aggressive,2023,4599.706414940539,47328.67295589922,NO,2023,4599.706414940539
Tactical Aggressive,2024,5856.45648642653,53185.12944232576,NO,2024,5856.45648642653
Tactical Aggressive,2025,7265.252403764996,60450.38184609075,NO,2025,7265.252403764996
Tactical Aggressive,2026,4513.652777598905,64964.03462368966,YES,2026 YTD through 2026-09-30,5416.383333118687
Tactical Balanced,2011,4504.822136780327,4504.822136780327,NO,2011,4504.822136780327
Tactical Balanced,2012,3352.2539710262786,7857.076107806606,NO,2012,3352.2539710262786
Tactical Balanced,2013,2312.0260317227435,10169.10213952935,NO,2013,2312.0260317227435
Tactical Balanced,2014,1687.2205259156835,11856.322665445034,NO,2014,1687.2205259156835
Tactical Balanced,2015,1780.5056117705428,13636.828277215576,NO,2015,1780.5056117705428
Tactical Balanced,2016,1488.0590777232917,15124.887354938866,NO,2016,1488.0590777232917
Tactical Balanced,2017,1197.5829933275968,16322.470348266464,NO,2017,1197.5829933275968
Tactical Balanced,2018,1018.6245149146096,17341.094863181075,NO,2018,1018.6245149146096
Tactical Balanced,2019,969.8288479793955,18310.92371116047,NO,2019,969.8288479793955
Tactical Balanced,2020,1009.7693434257685,19320.693054586238,NO,2020,1009.7693434257685
Tactical Balanced,2021,998.7620466757818,20319.455101262018,NO,2021,998.7620466757818
Tactical Balanced,2022,1242.6872820530361,21562.142383315055,NO,2022,1242.6872820530361
Tactical Balanced,2023,1264.361396645142,22826.503779960196,NO,2023,1264.361396645142
Tactical Balanced,2024,1459.7113907077637,24286.21517066796,NO,2024,1459.7113907077637
Tactical Balanced,2025,1629.5319911021368,25915.747161770098,NO,2025,1629.5319911021368
Tactical Balanced,2026,1061.3388398598343,26977.086001629934,YES,2026 YTD through 2026-09-30,1273.6066078318013
Tactical Conservative,2011,5282.557838406555,5282.557838406555,NO,2011,5282.557838406555
Tactical Conservative,2012,3043.2740182314037,8325.831856637958,NO,2012,3043.2740182314037
Tactical Conservative,2013,1662.227445994755,9988.059302632713,NO,2013,1662.227445994755
Tactical Conservative,2014,1053.464253341213,11041.523555973927,NO,2014,1053.464253341213
Tactical Conservative,2015,965.7088850187141,12007.23244099264,NO,2015,965.7088850187141
Tactical Conservative,2016,664.5338480494433,12671.766289042083,NO,2016,664.5338480494433
Tactical Conservative,2017,484.3787419824612,13156.145031024545,NO,2017,484.3787419824612
Tactical Conservative,2018,363.73599824747834,13519.881029272023,NO,2018,363.73599824747834
Tactical Conservative,2019,351.01406612735207,13870.895095399375,NO,2019,351.01406612735207
Tactical Conservative,2020,368.9214664712369,14239.816561870612,NO,2020,368.9214664712369
Tactical Conservative,2021,320.4909178865667,14560.307479757179,NO,2021,320.4909178865667
Tactical Conservative,2022,374.70959242225086,14935.01707217943,NO,2022,374.70959242225086
Tactical Conservative,2023,409.01333026011025,15344.030402439541,NO,2023,409.01333026011025
Tactical Conservative,2024,452.1591435341273,15796.189545973668,NO,2024,452.1591435341273
Tactical Conservative,2025,480.62403411086945,16276.813580084538,NO,2025,480.62403411086945
Tactical Conservative,2026,307.6716156153669,16584.485195699905,YES,2026 YTD through 2026-09-30,369.2059387384403
Tactical Growth,2011,3251.3744783796947,3251.3744783796947,NO,2011,3251.3744783796947
Tactical Growth,2012,3411.315785361816,6662.6902637415105,NO,2012,3411.315785361816
Tactical Growth,2013,2979.3446828100555,9642.034946551566,NO,2013,2979.3446828100555
Tactical Growth,2014,2362.1832324061643,12004.21817895773,NO,2014,2362.1832324061643
Tactical Growth,2015,2673.2822350016427,14677.500413959373,NO,2015,2673.2822350016427
Tactical Growth,2016,3081.881864827942,17759.382278787314,NO,2016,3081.881864827942
Tactical Growth,2017,2782.423406455221,20541.805685242536,NO,2017,2782.423406455221
Tactical Growth,2018,2770.5390622956575,23312.344747538194,NO,2018,2770.5390622956575
Tactical Growth,2019,2344.5954911703143,25656.940238708507,NO,2019,2344.5954911703143
Tactical Growth,2020,2314.97810856712,27971.918347275627,NO,2020,2314.97810856712
Tactical Growth,2021,3053.639941469913,31025.558288745542,NO,2021,3053.639941469913
Tactical Growth,2022,4055.3390639755876,35080.89735272113,NO,2022,4055.3390639755876
Tactical Growth,2023,3488.3423669205217,38569.23971964165,NO,2023,3488.3423669205217
Tactical Growth,2024,4297.320055913322,42866.559775554975,NO,2024,4297.320055913322
Tactical Growth,2025,5129.280966664701,47995.840742219676,NO,2025,5129.280966664701
Tactical Growth,2026,3233.2714067002125,51229.112148919885,YES,2026 YTD through 2026-09-30,3879.9256880402554
Tactical Growth Plus,2011,3051.5127963505583,3051.5127963505583,NO,2011,3051.5127963505583
Tactical Growth Plus,2012,3433.136371625051,6484.649167975609,NO,2012,3433.136371625051
Tactical Growth Plus,2013,3125.346808978462,9609.995976954071,NO,2013,3125.346808978462
Tactical Growth Plus,2014,2501.246283087618,12111.24226004169,NO,2014,2501.246283087618
Tactical Growth Plus,2015,2847.91231579709,14959.15457583878,NO,2015,2847.91231579709
Tactical Growth Plus,2016,3496.774024754159,18455.92860059294,NO,2016,3496.774024754159
Tactical Growth Plus,2017,3210.3258575124237,21666.254458105363,NO,2017,3210.3258575124237
Tactical Growth Plus,2018,3271.886727163547,24938.14118526891,NO,2018,3271.886727163547
Tactical Growth Plus,2019,2660.7958634075694,27598.93704867648,NO,2019,2660.7958634075694
Tactical Growth Plus,2020,2580.695370594421,30179.6324192709,NO,2020,2580.695370594421
Tactical Growth Plus,2021,3660.8122122589393,33840.44463152984,NO,2021,3660.8122122589393
Tactical Growth Plus,2022,4922.924471015326,38763.36910254516,NO,2022,4922.924471015326
Tactical Growth Plus,2023,4041.5592010287705,42804.928303573935,NO,2023,4041.5592010287705
Tactical Growth Plus,2024,5056.803113266913,47861.73141684085,NO,2024,5056.803113266913
Tactical Growth Plus,2025,6146.169687282646,54007.90110412349,NO,2025,6146.169687282646
Tactical Growth Plus,2026,3850.566670885729,57858.46777500922,YES,2026 YTD through 2026-09-30,4620.680005062875
Tactical Moderate,2011,3727.0864351540995,3727.0864351540995,NO,2011,3727.0864351540995
Tactical Moderate,2012,3586.635951569428,7313.722386723528,NO,2012,3586.635951569428
Tactical Moderate,2013,3011.6465503243758,10325.368937047904,NO,2013,3011.6465503243758
Tactical Moderate,2014,2407.749295206222,12733.118232254124,NO,2014,2407.749295206222
Tactical Moderate,2015,2787.054707448039,15520.172939702165,NO,2015,2787.054707448039
Tactical Moderate,2016,2854.4551381617275,18374.62807786389,NO,2016,2854.4551381617275
Tactical Moderate,2017,2497.8428843084353,20872.470962172327,NO,2017,2497.8428843084353
Tactical Moderate,2018,2365.1871660743122,23237.65812824664,NO,2018,2365.1871660743122
Tactical Moderate,2019,2104.573336375317,25342.231464621957,NO,2019,2104.573336375317
Tactical Moderate,2020,2137.6363977857986,27479.867862407755,NO,2020,2137.6363977857986
Tactical Moderate,2021,2529.0080096049373,30008.875872012693,NO,2021,2529.0080096049373
Tactical Moderate,2022,3348.6597719877677,33357.53564400046,NO,2022,3348.6597719877677
Tactical Moderate,2023,3041.4847609551007,36399.02040495556,NO,2023,3041.4847609551007
Tactical Moderate,2024,3694.869985824166,40093.89039077973,NO,2024,3694.869985824166
Tactical Moderate,2025,4384.381996333374,44478.2723871131,NO,2025,4384.381996333374
Tactical Moderate,2026,2894.7746226600843,47373.04700977319,YES,2026 YTD through 2026-09-30,3473.7295471921016
Tactical Ultra Aggressive,2011,2507.859098549361,2507.859098549361,NO,2011,2507.859098549361
Tactical Ultra Aggressive,2012,3978.169231919116,6486.028330468477,NO,2012,3978.169231919116
Tactical Ultra Aggressive,2013,4037.4938691591933,10523.52219962767,NO,2013,4037.4938691591933
Tactical Ultra Aggressive,2014,3229.952691490787,13753.474891118458,NO,2014,3229.952691490787
Tactical Ultra Aggressive,2015,3614.869608906263,17368.34450002472,NO,2015,3614.869608906263
Tactical Ultra Aggressive,2016,5240.965815447391,22609.31031547211,NO,2016,5240.965815447391
Tactical Ultra Aggressive,2017,5156.378114794416,27765.688430266528,NO,2017,5156.378114794416
Tactical Ultra Aggressive,2018,5643.800111633773,33409.4885419003,NO,2018,5643.800111633773
Tactical Ultra Aggressive,2019,3429.6689760898716,36839.15751799017,NO,2019,3429.6689760898716
Tactical Ultra Aggressive,2020,3058.2422230223383,39897.39974101251,NO,2020,3058.2422230223383
Tactical Ultra Aggressive,2021,5834.259145497907,45731.65888651042,NO,2021,5834.259145497907
Tactical Ultra Aggressive,2022,8047.221032205773,53778.87991871619,NO,2022,8047.221032205773
Tactical Ultra Aggressive,2023,5659.103014392642,59437.98293310883,NO,2023,5659.103014392642
Tactical Ultra Aggressive,2024,7366.713263444398,66804.69619655322,NO,2024,7366.713263444398
Tactical Ultra Aggressive,2025,9472.34915225969,76277.04534881291,NO,2025,9472.34915225969
Tactical Ultra Aggressive,2026,5690.166292729456,81967.21164154238,YES,2026 YTD through 2026-09-30,6828.199551275347
VOO Benchmark,2011,2697.9071883530482,2697.9071883530482,NO,2011,2697.9071883530482
VOO Benchmark,2012,3225.6596906278437,5923.5668789808915,NO,2012,3225.6596906278437
VOO Benchmark,2013,3535.0318471337578,9458.59872611465,NO,2013,3535.0318471337578
VOO Benchmark,2014,2802.547770700637,12261.146496815287,NO,2014,2802.547770700637
VOO Benchmark,2015,4471.110100090992,16732.256596906278,NO,2015,4471.110100090992
VOO Benchmark,2016,4706.551410373067,21438.808007279345,NO,2016,4706.551410373067
VOO Benchmark,2017,4968.152866242038,26406.960873521384,NO,2017,4968.152866242038
VOO Benchmark,2018,5387.852593266606,31794.81346678799,NO,2018,5387.852593266606
VOO Benchmark,2019,6336.442220200182,38131.255686988174,NO,2019,6336.442220200182
VOO Benchmark,2020,6031.619654231119,44162.87534121929,NO,2020,6031.619654231119
VOO Benchmark,2021,6184.03093721565,50346.90627843494,NO,2021,6184.03093721565
VOO Benchmark,2022,6764.10373066424,57111.010009099184,NO,2022,6764.10373066424
VOO Benchmark,2023,7230.4367606915375,64341.44676979072,NO,2023,7230.4367606915375
VOO Benchmark,2024,7626.251137397634,71967.69790718835,NO,2024,7626.251137397634
VOO Benchmark,2025,8039.126478616925,80006.82438580527,NO,2025,8039.126478616925
VOO Benchmark,2026,6434.258416742493,86441.08280254777,YES,2026 YTD through 2026-09-30,7721.110100090992
